"V1","V2","V3","V4","V5","V6","V7","V8","V9","V10","V11","V12","V13","V14","V15","V16","V17","V18","V19","V20","V21","V22","V23","V24","V25","V26","V27","V28","V29","V30","V31","V32","V33","V34","V35","V36","V37","V38","V39","V40","V41","V42","V43","V44","V45","V46","V47","V48"
0.229644997402724,-0.199567303081012,0.126842755790392,0.137620881661545,0.27465669848845,0.0616251721173962,0.18378437444109,0.0754001089017535,-0.0929565463942961,0.0644296574603516,-0.186511545727129,-0.198054310791036,0.140205010523793,0.184011529682593,0.433323857661817,-0.100209866602321,2.87162162162162,14.0505099562895,12.4537281861449,7.25448581902373,9.16416510318949,-4.72727272727273,7.28774268328021,1.26582278481013,3.59812389332684,-0.452488687782804,-9.26344228895385,0.971370143149285,-0.415800415800419,-26.8398268398268,3.38415545590433,0.697674418604651,0.0353017373211253,0.00360092360936426,-0.0478901848633539,-0.00813283692098513,0.0226351398174462,0.0144930405382526,-0.0819929833370417,-0.0250133245326671,0.0260276821248488,-0.0490949292512846,0.0520243995918318,0.00418921633653913,-0.0119841959825236,0.0581707490274692,-0.0462714356819734,-0.00783308541660283
-0.265551027647742,0.376949364925243,0.16716219953214,-0.404324613941884,-0.355471559209116,0.336026121832631,-0.259217850585907,0.0422401851448413,-0.102816258871425,-0.318036948274356,0.1447820651874,-0.17676838437364,-0.145957747868602,0.25234826139228,-0.332901872982108,-0.187072019090301,-4.17195719209142,-11.9616982470362,-5.32258064516129,-7.68314472900536,-14.5619383825417,-1.95627157652474,-11.3026819923372,-2.59493670886076,7.40138321365758,-6.65569724393254,-12.0542565676627,1.19047619047619,-61.8918918918919,-6.49350649350649,-4.28101644245142,-1.95402298850575,0.0281062905082206,0.0236993689485251,0.0224428904990773,-0.0389308350278793,-0.0137216249571463,0.00141406656841225,0.0826933307557892,0.0178541305222916,-0.00788456950731464,0.0440752009529154,0.00527915574840322,0.00184016998890191,0.0186413632462509,0.0513952991939005,0.0357207449376515,0.00283388485778852
0.0637678434020099,0.088110532892804,-0.348510295864546,0.0259287379826683,0.219826364876667,-0.271959658512752,0.174908964217782,-0.0373102199096831,-0.051252750406924,0.132828933009703,-0.0299857214558781,0.186544409660973,0.21072036562511,0.41805838972659,0.0229647542409701,0.123585007260147,-2.61095475211085,-0.479616306954433,4.34426229508197,-9.78260869565217,7.14385698288274,-11.6178255592162,-0.766283524904214,-0.121951219512195,-5.30335686189989,1.14164904862579,1.91387559808612,-3.01493378416455,17.3684210526316,24.6913580246914,-5.66635197860121,1.14942528735632,0.0252334029153363,-0.0299378417390864,0.00420568311780678,0.090324270423987,-0.0424542089801099,0.00278786186791163,-0.0634062281593244,0.000639455630072061,0.021975375858367,-0.0271140822569892,-0.000538840688879494,0.00897128102174738,-0.0615848532623815,-0.122038405011088,0.0257085546496284,-0.0140085430391529
-0.0266289140660874,-0.410084295844282,0.0455120176217143,0.11780954995422,-0.369551674433412,0.176976951577308,-0.121843343268673,-0.0730091241669237,0.141175403662805,-0.0748084674525238,-0.0297319046747262,-0.164987709221743,-0.0258539351537701,-0.197340363535389,0.051676151170458,0.727573090865731,2.37983336893826,62.287104622871,-8.19672131147541,0,-11.8888690227864,13.8013698630137,1.72413793103448,2.5293586269196,5.22388059701493,19.7674418604651,-4.24641148325359,7.10059171597633,-4.12517780938834,13.8628588427785,-1.55858395989975,10.5720395616145,-0.0744054664389571,-0.0480415090799584,0.0303572400842103,-0.0359320285801019,0.039601026551884,-0.0193985295083097,0.0341914396239998,0.00443797104451127,-0.00569964509552512,0.00279492542195825,0.00527386357990947,0.0139506193473706,-0.0299894321217307,0.00207525613359621,-0.0104885003699603,-0.0428840500258976
-0.0159482190948221,0.0817259508295667,0.259432926511636,-0.105883075110854,0.211340706466048,-0.0797741086771477,0.0253617327223958,0.589010120442302,0.079219877840675,-0.0318604643436924,-0.0657370391803855,0.019752097808059,0.528631007874477,-0.21053703656202,0.393746252679364,0.212480002691539,5.07875425093968,-5.25006758583402,5.51912568306011,-3.87323943661972,18.6910558406808,2.37012987012987,11.8248397924931,0.0925925925925926,-6.0577078506385,-3.21100917431193,7.02380952380953,-0.159175057960482,-8.24324324324324,-0.579533323166082,13.9513933376041,8.46785225718194,0.0234539487592824,0.0121805847113965,-0.0565305222637233,0.0370258845895942,-0.0158503218202444,0.0349992837698682,-0.0113780977489969,-0.000940768389491309,-0.0280146562194706,-0.0190438654353678,0.0030490159747226,0.00660082806557338,-0.184032159289084,0.0591500015228366,-0.0474333966838179,-0.0100303511221627
0.132799253202837,-0.0882557265321502,-0.421519254533234,0.40426936864269,0.0513480076275208,0.142340497801244,-0.0247860657077164,-0.511486254894957,-0.341519134368555,0.0257082361436591,-0.0152074074373001,-0.0341809541089457,-1.02465342026136,0.419895700677086,0.628308112212636,-0.668999694145834,0.21925899409343,-71.7136539524599,-23.1073446327684,-15.4929577464789,-17.8240423686253,-14.1558441558442,-11.6131035553485,4.60191082802548,4.25911653754107,-16.3344453711426,-4.28571428571429,-6.90267335004177,-10,4.00062509767151,-1.36781538587546,-5.61624649859944,0.0404131480676022,0.0497085461620169,0.0386776726657223,-0.0335282988583034,-0.0398578017460565,-0.110052603467092,0.0188460553329223,-0.0228101004029196,0.0395359941621788,0.0411026046686922,-0.00941589239385926,-0.0106302585783057,0.213476628496562,-0.0738015990244525,-0.157334804397925,0.0449371693984261
-0.0393501841764063,0.0685089033084303,0.0442614004917754,-0.189842107189977,0.441634940412458,-0.371276530072149,-0.000531373169302185,-0.00494836335016835,0.105721430160235,0.114255179758654,0.0173411372342578,0.042067044585524,0.109132445136814,-0.380342558850167,-1.03931538106598,0.00503558590904074,2.15011037527594,16.3797799324545,23.1073446327684,18.6519114688129,11.2244897959184,-3.87218045112782,2.71929824561403,-5.05062877674343,1.59542564676716,-3.39032527105921,1.82351613631235,1.88611589213999,0.581395348837209,-19.3562610229277,-7.83520132835202,9.6031746031746,-0.100103376408094,0.00126095633030565,-0.0211873793374339,-0.0610812001376307,0.0163140775776687,0.104745408667993,0.023134829735309,-0.000446258573843283,0.00934818591492459,0.00796974686377727,0.0186417748096424,0.0124888939083702,0.0015398517951476,0.0926907926643019,0.197036074994711,-0.00611109269976495
-0.0606014026256663,0.0547448408933473,0.247242247787671,0.0356127293197819,-0.522233368304169,-0.0486833457557774,-0.118209445376126,-0.134986561199322,0.406420888568329,-0.181034833414863,-0.0471106707796665,0.166142884261211,-0.133744795213195,-0.0860719005258828,0.00325366469071042,0.113522784169934,-1.2183908045977,6.75454842575444,0,-1.75050301810865,-11.2179487179487,-3.27067669172932,5.96774193548387,-1.75326880624894,-4.83611163139165,3.84487072560467,2.7497093803094,5.06319757557839,-3.63017583664208,-22.6190476190476,0.454545454545455,-0.0793650793650755,0.0150944055048567,-0.00946423103403538,-0.0027072893867145,0.0352148300134707,0.00174693339621079,0.0162847648991729,-0.00256421098991833,0.0015421333002047,-0.0917634716096478,0.0388610072587721,-0.00353030681017717,-0.0465726048865521,0.0879685178728693,0.0502530329949992,-0.0247521960479645,-0.0453023615829654
0.060714278554423,-0.209342191731193,-0.22557247657191,-0.0363812469295146,-0.0244002654857223,-0.123629518035548,0.0423922773841925,0.121079156216735,-0.341906354620992,-0.0288828581517393,-0.0663310870045493,0.000404465953865341,-0.0650477672779957,-0.227053655191344,-0.169126188256792,-0.228057500573274,7.07120465741156,-5.49474847982311,2.6775956284153,-2.53521126760563,10.3604996289884,1.42857142857143,6.90111052353252,-0.103208050227918,-4.80776409107876,12.469904524699,-1.36471881296941,4.29447852760736,-1.02098695405559,6.09756097560976,-7.06131078224101,-8.04647160068847,0.0397405405915912,0.0120275803573942,0.0241687352467622,-0.0323692376267159,0.0363370797338116,-0.000368353610860628,-0.0304232612863995,0.0157984169379614,0.0784257528254225,-0.0351800586169725,-0.0138943752303236,0.0225760566227167,0.000325377732548704,-0.0202708445210269,0.0304510356500181,-0.0960019870577697
-0.0311580704541168,0.0367063922506645,0.37212871805038,-0.0803528083911482,0.179313687268737,0.0996180050102673,0.256169856560732,-0.0404143556368544,0.00626791927608217,0.258366069812181,0.0108215279323662,-0.0518985940966168,0.058319748045327,-0.243077183981363,0.239580726384705,0.0216585122128894,-8.58399664851278,2.27513227513227,6.55737704918032,6.02739726027397,-2.22897066412608,18.3582089552239,-10.221793635487,-4.54545454545454,-3.14336372847011,-7.26788432267884,1.64909183815673,13.9159060302259,1.56976744186046,1.59474671669794,9.55732354141167,11.8586706376066,0.0113561400423257,0.00957502145358258,-0.0153551486122662,-0.0374291171215469,-0.0807088955988469,-0.0218571239772019,-0.000610224894527223,0.00879306197392682,0.0197562490291403,0.0046213740740132,0.0106273675801229,-0.0667187995090589,-0.00250802990029853,-0.0359934148001478,-0.00219152668579248,0.157545649362648
0.224544881024311,0.0452858178857491,-0.417393454152077,-0.157615987660806,-0.0273238557977571,-0.119014825924504,0.0660342050295277,-0.0344667193468462,-0.236792590018297,-0.0897541820108643,-0.171489398239533,-0.281949486196272,-0.442462645843226,0.394214243150227,-0.236187812167467,-0.205064809887477,-0.378597643422829,-14.830421377184,-11.4754098360656,-6.30908740111904,-1.3312509296445,0.627298291152933,-0.573888091822095,-0.649350649350649,6.47593445980543,5.63200815494393,1.74896641427045,-3.48645817746521,-20.1190476190476,17.9487179487179,-3.3729234590902,-1.88912211384122,-0.0144412928936681,-0.0231822503833421,-0.0320893814849825,0.0267615610579828,0.0216698245384441,0.00456527610481144,0.0366922762749131,0.00297157629006006,-0.0147515992079924,0.00582926652164739,-0.0112209812384378,0.00322648930050395,0.0247728503009924,-0.0824621854016251,0.0190155655502252,0.0205025540392683
-0.389729740580917,-0.199637149688035,-0.09584545937056,0.11803703698641,-0.420598310132558,0.127666316420139,-0.410540204035907,0.132939660466525,-0.0270553070364397,-0.232814126883868,-0.109525405250843,-0.0872546666762677,0.283119147681274,0.662151977961042,0.0987698880374612,-0.255437959776528,-2.13242579589024,9.83563514152182,-9.83606557377049,10.0114198705748,-3.42546657217104,5.34285096257841,-3.58110723964383,7.09677419354839,19.0803586894245,-23.7336405930693,-4.14131091187811,-22.1232979200958,-0.108225108225108,29.2370231394622,7.42994100294985,-7.92957042957043,-0.0104649865861197,0.0197363073819179,0.017619677314731,0.0458387739190308,-0.0455593615970233,-0.0632902953101513,0.0257848023188635,-0.0321036548748829,-0.0144898444180069,-0.00332745764759379,0.0112542556447505,0.0940027382812553,0.0165883272986181,-0.121912179268732,-0.00896812594719743,-0.000121952320253138
0.225415166491763,0.161799518626363,0.17087414057119,-0.22147798752032,0.356588219580898,-0.114832740716295,0.179299379941328,-0.0442935036893291,0.277962119622865,0.0806047102457228,-0.0717470083264304,0.215504895910316,-0.0137654941756216,-0.326952741334757,-0.0696990594251421,0.0911738686783368,-4.86749840633822,-4.7034028991467,8.74316939890711,-27.027027027027,11.2070516279906,-29.8507462686567,3.31465919701214,0.695433598659405,-13.069280162217,4.00009070500465,-13.3764262053736,-1.15928937067148,-2.27272727272727,-25.3908692933083,-12.202380952381,-7.74555903866249,0.0822606191796083,0.000102518640455629,-0.0585344552536311,0.0394984165425648,0.141812578478639,0.0682116128660689,-0.0241705292103617,0.0181228507022839,0.0168482636741653,-0.00805132273725229,0.012883744829794,-0.0104732019209467,0.00257052222991261,0.1641791926554,-0.0102917252428684,0.000841594942894708
0.111036950881925,0.131087040048336,-0.0670794716638827,0.230084737562331,0.12160579659899,0.383939883565505,0.0984235610479001,0.237521095689038,0.0802658173775015,0.23177808039808,0.205383345918042,0.20819880704237,0.136462730955228,-0.29508305584677,0.0385472374798148,0.268872066562711,-4.43791440626884,-2.99911356249385,15.8469945355191,10.9959274342836,-8.59073883068237,6.95095948827292,0.128761181892109,2.5974025974026,-1.56055015095605,10.0659023201228,2.60376999238385,2.334455667789,0,12.8205128205128,0.396825396825397,-8.86699507389162,0.00817007490654764,-0.0226298114510158,-0.0286344421109554,-0.0568056422686116,0.0443780651795618,-0.0390937596967506,0.0249215295458391,0.000987663202514311,-0.0013333786876899,-0.0134234554174407,0.00178187715068626,-0.0120926575764659,-0.0106243489368725,-0.00312577120366314,0.0180419771027019,-0.0372811608151642
0.168274072990775,-0.187068707735603,-0.0441831070613841,0.186477587783022,0.19570449936206,-0.299336356648392,-0.192193922395706,-0.0963583138475208,-0.30413761041085,-0.215570696734607,-0.38516942078128,-0.102801809615974,-0.276035794572957,-0.030178920674504,-0.130393746686133,-0.0304292546368279,1.12355593124824,-12.9244855863561,-17.5136612021858,16.1714997331436,9.65784157743256,6.75324675324675,-3.00105764145954,-2.05627705627706,-2.56066197025607,-3.16551909147814,-1.85455093732724,-5.45454545454545,0,-14.8076923076923,-4.68909276248726,1.97044334975369,-0.0325495108416005,0.0169253326184312,0.0303270242854189,-0.00612833898429421,-0.0626964120528262,-0.0445290674546406,-0.0331791068370068,0.0309111275969908,-0.0045901800430852,0.0248046878280236,0.0443812572929103,0.0181380093201541,-0.0211143799400808,0.0335269633690624,-0.023361174054788,-0.0333541691153433
-0.166732770247856,-0.0101827686440537,-0.0613032264124111,0.0286196769793161,-0.244754477457667,-0.189271346236526,0.0762246789665451,0.296337344667013,0.190751676469098,-0.0556472181364231,0.222436239724916,-0.0716125553604066,0.276651581422139,-0.51360611480514,0.164446825918214,-0.0161814713404844,5.73852852517584,-0.183682840961273,-7.93785310734463,-3.2034632034632,-0.922245190014308,-0.373599003735993,0.465573770491803,8.33333333333333,3.19380858949204,2.49101357693981,7.9238578680203,2.3986856516977,0,-18.2894736842105,10.6832448092709,0.462268865567218,-0.113866860216882,0.00491228080180051,-0.00101221693660491,-0.0145697620715745,-0.0111845443267093,0.0677524689581771,0.0530047143782336,-0.0331324116239627,0.024328634309131,0.0168398965903133,-0.0168040830459484,0.00917640468239733,0.0292175229944387,-0.0730869105086971,0.0371668998725323,0.102802414306214
0.0951328399879081,0.354577962799943,0.134740731455512,-0.22129347078841,0.136782243885261,0.112384148002431,0.0843224309159893,-0.316634944656787,0.292150692158406,0.195265695070505,-0.00447053504456285,0.155377564325123,-0.0971467772437613,0.834762999638071,-0.169503019199233,0.005146549100429,8.94479385045423,22.6507092198582,2.93785310734463,-10.6666666666667,-2.046783625731,12.0425270905745,-0.907936507936508,-4.16666666666667,-0.782599726670277,7.91942216593969,-6.17073170731707,2.40963855421687,0,4.71352431712192,-17.1052631578947,1.99696663296259,-0.0112122994603201,-0.00664544591815064,0.0179118235425684,0.0242612737277881,0.0525115677595205,0.00818358924862772,0.0343778903458694,0.0350372110092528,-0.0341562583391753,-0.031537334386037,0.0284709912909425,-0.0108383851710794,-0.00248378850172959,0.0457440481875113,0.0479220310894404,0.00279255415846363
0.253484761355837,-0.268993189162996,0.0456653924030022,0.135832265009196,0.567163306310441,0.0487605301007878,0.156066215662709,0.127537344611565,-0.12392258594873,0.103422252109331,-0.0285886108762741,-0.0270466628345929,-0.0900574590208647,0.00533120920803754,-0.0440218617307391,-0.0289725683196886,-0.925925925925927,-2.08333333333333,15,18.2465753424658,2.109440267335,4.43496801705757,3.69543650793651,-2.56622516556291,-1.0752688172043,-13.3399961926518,1.01386896221903,0.646221248630887,0,5.06329113924051,12.3893805309735,15.9315690991713,-0.0279115186051406,-0.00229781866862222,0.00792341444345468,-0.0228285563360222,-0.112172407087231,0.0136551276546905,-0.00380032121353624,-0.0132632691968897,0.0677104808028155,0.00865331011409265,0.00606748912505759,-0.000842859998323453,-0.00447496696356331,-0.00783252484891805,-0.00885316435449213,-0.102246744889439
-0.147516145091883,-0.102379545782409,0.437055223088748,-0.378335884669935,-0.873972944795785,-0.0978763056228127,-0.163639940579844,-0.129407004078712,-0.106331114017177,-0.221140331631577,0.135106876060104,0.166279226164059,-0.0256968934909807,0.0206955027248306,0.462280555587936,0.0146198899980101,-5.57142857142857,1.70316301703163,-0.287356321839077,-28.8411699370604,-10.153169548074,-1.42857142857143,4.47916666666667,2.96945097201453,-4.24969295937038,7.51960784313725,10.906862745098,2.96823658269441,0,7.93573515092502,10.1106194690265,3.44827586206897,0.0856361539955863,0.00134095433804782,0.0398428812852002,0.0676197873389837,0.0689848697362323,-0.00615183679264769,-0.0246738951000289,0.00231818546889284,0.011893036625512,-0.0209965226383904,-0.0296707069607279,0.0551710857531766,-0.0214682605707092,-0.119703412425244,-0.0864976892186519,0.0820707630620278
0.0386495157652593,0.212849476041015,-0.514105874666717,0.106826906012179,0.277460421675963,0.060801899073188,-0.129459107288764,-0.0605633215320838,0.10401064435448,-0.018062982513154,-0.234755709876765,-0.129193341397489,0.0748063894845421,-0.0216656106854369,-0.263121255770935,0.0679197685948418,-2.11013567438148,-9.51925497105462,-21.3793103448276,2.7027027027027,8.23383038383689,-14.2857142857143,2.92349726775956,-6.19181641047846,-2.27466260676593,-9.64213197969543,-7.9656862745098,-5.36291507493388,8.10810810810811,-2.87244401168452,3.17567567567568,-12.156862745098,0.0161684382314269,0.00276666382406043,0.0457022591432724,-0.0605481749396571,0.0301630075709431,0.0109106321074876,-0.0267915383901165,0.0236265798941854,-0.0787326518298254,-0.00628959048581967,-0.0107070385366243,0.0286457633162944,0.00896036366545372,0.0489549466534254,0.0574236205079535,0.00228199957163844
0.150175098976799,0.00603872577187836,0.124841624401947,0.300466439265908,0.00658044091148291,0.185375185276711,0.154116506092445,0.216365699621004,-0.0862141563177516,0.0326739555988702,-0.100547396388865,-0.0400458165181607,-0.164322093187212,-0.521173153042059,-0.00414444160867689,0.00177314505915671,0.0226047082378003,-3.87545033453423,11.6666666666667,16.8918918918919,4.08163265306122,17.6604554865424,-7.92349726775956,9.6284598850726,2.40439153508143,4.85500326682414,-2.86352164628228,0.479094076655052,-2.97990297990298,-24.0506329113924,0.961878909477161,0.252100840336134,-0.0672427910961999,0.00284861983197349,-0.00370868817621917,0.0250863931490346,-0.0256628154674814,-0.0251092216981604,0.0376272885347538,-0.0414474743392703,0.0703012351523133,0.0228303377997989,0.00658664558215013,0.0143854687847478,0.00114231908244744,0.0884399323444538,0.00454720587797475,-0.0547931102276522
-0.140465549552019,-0.241174353167127,0.0156993377833334,-0.0323775006394955,0.222509329306344,-0.1219898848259,-0.158462956824764,-0.179278863716654,-0.0465666696495397,0.0459879412963442,-0.020288427194413,0.0112038419549236,-0.0789071384981384,0.516378108880777,0.0567628411255772,0.0925923824142005,14.7801716587844,0.580431177446101,4.39890710382513,6.08108108108108,0.291545189504376,-17.1142369991475,-3.15315315315315,-5.6016142474887,-4.86749116607774,8.85058048952104,-4.48941953018831,-1.16552609067579,0,42.6829268292683,-13.1592937155876,2.74725274725275,0.00667109650292197,-0.0300661324193244,-0.0252345000565871,-0.014573183574063,0.0244787691098929,0.0616419508772362,-0.0216214782212294,0.00493026161239962,0.00704257404344444,-0.0345716465413538,0.0243144845553335,-0.00915618004315877,0.00638444206379074,-0.00960476699815083,0.0330675842840366,0.0862100157748209
0.319154987323108,0.00221254668682302,0.0809141259720896,-0.0707433364702483,0.391493447207241,-0.0764206639619509,0.15766920335501,-0.0414885588475915,0.0218300755669567,0.000873015080918194,-0.0590713843901325,-0.00551913321816144,0.0641262961399258,-0.512049893043643,-0.335710741153189,-0.0535859365106237,-9.52234206471495,-6.4327485380117,-1.0655737704918,8.91891891891892,6.04199288871971,0.882352941176471,12.8022759601707,-6.60032399907429,-0.714285714285714,-19.8866840998821,3.56862745098039,2.35600228115198,-0.128205128205129,-42.6829268292683,-8.99395593682979,-6.19829608593653,0.00947262970303475,0.0315143418066975,-0.00320457790271855,0.011867227611493,-0.120496772472763,0.00377101717693273,-0.00639506309011262,0.00391998876688582,-0.0164739979170021,0.0251645204010665,-5.93151167085002e-05,0.000797716655459579,0.0144819997262979,0.0239078787574444,0.015585323126138,-0.0151388000729363
-0.522710680149368,0.258402204046667,-0.131279153029304,0.0630069611688286,-0.767908542105143,-0.0995473076762634,-0.169818080105364,-0.0679879863407047,0.033842532147224,0.00350440339967228,-0.0158601071164508,0.17554286718652,0.106152193299591,0.502363218352864,0.0108912213356795,0.0214433112401826,-3.73094552819529,9.21052631578947,-5.49180327868853,-9.86301369863014,-17.6060315382753,8.125,-17.6201372997712,0.497830554921214,0.768242548818089,2.52525252525252,3.5,3.57142857142857,0,44.3037974683544,1.57630112787063,-0.535667624771364,-0.0225841515425977,-0.0131698987272083,0.0532537692223253,-0.0152721167812732,0.139876161526212,-0.0647683788595625,0.0711059176071834,0.0130225824875261,-0.00419530425250048,0.00293690892029197,-0.00139693922547467,-0.00116120488019322,0.0047477671193944,-0.0161618653188529,-0.00491472095485612,0.00700798178473233
0.0859534515533511,0.0986234698547737,0.0861225783463322,-0.0619372410390167,0.038532683379831,0.0294674607355168,0.104261324388925,0.059113028059862,-0.0228758030088496,-0.0367755806440471,0.292259606849631,0.0274289373243732,-0.171037826954054,-0.075895496413521,0.185599637855734,0.0716225899967311,9.01086335048599,-2.44360902255639,1.63934426229508,6.34950018511662,-1.55999403230018,-18.2889344262295,1.64917541229385,5.29801324503311,1.75638799305383,2.80267463366055,-3.70388349514563,0.0605930995152555,0.405405405405405,-12.9784962635352,9.86859747921695,-12.7359781121751,-0.00696184944430311,0.0148728348736913,-0.0508689752297451,-0.0298513226462122,-0.0288739276912879,0.0453293188141212,-0.000868369453529305,-0.0244710672971383,0.0333880820639214,0.0344817806456346,0.00882183854423588,0.0108901231947676,-0.0202998497411352,0.034919719148216,-0.0112524842199073,0.0125076461923228
-0.000533781824193724,-0.0754639265888226,-0.138430776271349,-0.0135696248961956,0.380008913168593,-0.00416749958207685,0.0943709335409997,-0.0888718558036059,0.288670560318616,0.0559487535111014,-0.119682322930188,-0.107696189307811,0.0296867811800423,-0.371571144910488,-0.134802550539071,0.108314026826355,-10.7901802838512,1.32420603748177,-4.91803278688525,-22.2007722007722,4.60375545205885,4.68006345848757,2.1551724137931,-2.64900662251656,10.4079650315687,4.97695654046604,1.16408250012076,-3.63202167094383,-2.9663810151615,-22.7887158389656,-0.791588860923927,8.08481532147743,0.0441263564269752,-0.00814740984807227,0.04932559917457,0.0937488202348444,0.0184387243062847,0.0113328284142797,0.00924015317416282,0.0355761617564884,-0.00179042820659014,0.0352202301532302,-0.0340318596138377,0.000607473126729374,0.0229921924964697,0.0175517283163403,-0.000599256939190052,-0.0681858474974777
-0.0608378472667912,0.0764837409748971,0.0261387497257353,0.0288524494751687,-0.243765074196977,0.083688313416781,-0.0292559202602112,-0.020928375773825,-0.323884584300121,-0.0489779479757093,0.0885908202821604,-0.00315056031755034,-0.0858152037634099,-0.0308486320724795,0.403247135364539,-0.127309528461333,1.15038611575511,12.483039348711,9.83606557377049,17.7142857142857,-1.18716056259574,-1.61290322580645,-1.84426229508197,4.27985763841961,-4.75480620951989,-4.58715596330275,-1.42753568839221,2.97619047619048,0.192554557124519,-1.03658536585366,0.38749947635206,3.67989056087551,-0.0339802154704245,-0.0324138085526543,-0.0106439822738663,-0.10655123988724,-0.0197312009143438,-0.00765476599095716,0.00482340621506405,0.00534221995836526,-0.00659536095895252,-0.0247265385189765,0.00816133751795624,-0.00431167561804102,-0.00617039183902224,0.00192603395581803,-0.0157248273141198,0.0429602770390277
-0.0724652127609566,-0.168083369119872,0.0478217417223945,-0.0964720155618908,0.0299932291643366,0.0202331141529779,0.0331751528516975,0.00203689595582546,0.330402858320376,0.0648418993556312,0.18137572848299,0.0197007222763208,0.360267411982165,0.00688979959612901,-0.344679460149219,-0.0247094696477674,3.01100628930818,-17.7589852008457,-9.39890710382513,2.66666666666666,-5.23939808481532,3.27324478178368,14.344262295082,-2.66051626129904,6.34233827476359,12.75573932894,10.7087159937619,-1.78571428571429,-2.63157894736842,-7.5,1.21907189126049,-5.7563025210084,-0.00471424712174517,0.000790196835234069,0.0195259419860087,0.0290746744782881,0.0327078521346365,0.0108990719880063,-0.0229282557485964,0.00830564005620971,-0.0538820648607219,0.0150503253583277,-0.00873783949894756,-0.020520228760907,0.00950567628572474,-0.00938246262204379,0.0124970761027128,-0.0249781260797737
-0.0313355173016205,-0.0350466759777373,0.138101161069283,0.229875452155416,0.0881866724829994,0.0607069886301677,-0.0505071553785461,0.0997040477732467,-0.284296215027119,0.0149498815024351,-0.232058574997563,-0.108794335520793,-0.0929708283212038,0.071730367255296,0.429827565704491,-0.0383866801202686,-4.20454545454545,-8.97502153316107,3.33333333333333,-18.6666666666667,8.28054298642534,-1.89075630252101,0.423728813559322,-0.120325805257311,-3.78006872852233,-8.24325799759799,-1.14381833473507,2.32901885586449,6.06060606060606,21.25,0.228291017708553,7.35800344234079,0.0464906646410519,0.0578012411014809,-0.0420411955630434,0.0586634618008735,-0.0177184228972986,-0.0128849687676744,0.00253288456697365,0.00764068779546079,0.0512306981273382,0.00728089294631695,0.0248764565394453,-0.0317422305633135,-0.010211709159472,0.0178567600229677,-0.0127155582768995,-0.00430221336528797
-0.00254808277606777,-0.0507022422390646,-0.0642483050978484,0.0941388027944061,-0.191279388253495,0.132981712828814,-0.0520170184490842,0.0283818407918996,-0.0810715159059878,0.00951399081074911,0.129207751856672,-0.00978886535888712,-0.0774013912600342,0.468382410513738,-0.334081482708456,0.00068402742168594,4.24486803519061,-2.75940062199604,-12.5396825396825,8,0.365543547361725,6.84104627766599,-8.61700612448369,-1.40123344821331,-2.59521764032073,6.20517278852424,-8.52180339985218,-1.03933631618195,0.189393939393939,12.0833333333333,-2.2805339362581,8.11818703384968,-0.014879816728731,-0.0124128356177069,0.0880092692718876,-0.0227832600928907,0.00182176827630953,-0.0245163540273088,-0.0173068172166546,0.0130184095104453,0.0119975928016095,-0.0134517166124101,-0.0127724563377086,-0.0311702086486916,-0.00516863005731216,-0.0150515417090303,-0.0191034416050636,-0.0143031779227318
-0.00659216359713533,0.114892113634682,0.0954067685421531,-0.376919660844506,-0.00969657583538996,-0.0879003476428899,0.0462697191540355,0.029295286461819,-0.0398386206353916,0.110100490101248,-0.110030251210045,0.0217574691187057,-0.205058114358739,-0.294606303909426,-0.0774266668413581,0.0804486412633345,-1.97997775305895,6.20669406928949,-4.76190476190476,-5.33333333333333,-2.64849451452322,8.10400866738895,-1.93068963122439,9.95078299776286,7.9265873015873,1.66766698105118,3.1559497413156,1.10735735735736,6.25,-29.8039215686275,-7.89582662310772,2.87929125138427,-0.0581091536772651,-0.0200895900628295,-0.0063388623401236,0.0668471856990019,-0.00711240164320004,-0.00438364436965988,0.0279609459016154,-0.0544175044286547,-0.0282369458657431,-0.00494559517028836,0.0198380338194692,0.0193371911342484,-0.0201647020078379,0.0228799645213312,0.0223291089433308,-0.0910641487166554
0.211488300638338,-0.190890329882281,-0.0965554195814171,0.158565668547287,0.506863432232953,-0.00577104464471745,-0.0529024944784986,-0.146258946740952,0.39106954680903,-0.0254105819406121,0.113083930599035,-0.00509684442579683,1.30623288801023,-0.00181925610038824,-0.232887480897661,-0.066781820806308,-3.72592924317062,13.393665158371,25.3968253968254,13.3333333333333,5.9761854435285,7.53393665158371,10.7649925831744,-9.36231884057971,-10.3571428571429,-0.619999162163296,-4.29606375271674,-2.60088855979267,35.9848484848485,-2.32459248759745,-6.32441839164682,0.143715704206951,-0.00471075858593228,0.000852040202308668,-0.0320898352761233,-0.0686815933475272,-0.0269939039424181,-0.00627658000976589,-0.0727102372290033,0.0427400519678124,-0.0597478600946155,-0.0375497225077803,0.00680468197357498,0.00540442105493111,-0.313907844212946,0.0493815968001485,0.0292536104974426,0.0806836522409043
-0.506269616833851,-0.0912534932904281,0.337124148224747,-0.160996725846541,-0.673959360166005,0.12780458449145,0.037919906772097,-0.00387514248105614,-0.266526368655605,0.00318001834430781,0.191764870440406,0.114703075270723,-0.515069270439826,-0.269719056477167,1.00093061989918,0.00534277510154268,7.60399021268586,-13.3319021039073,-7.93650793650794,-24,1.18059539746287,1.11408199643493,-12.1956474897651,0.0581825875383473,2.26014760147602,-2.44092334238158,1.18340405469118,3.35010716615413,-6.06060606060606,13.7951807228916,23.0024802905483,-5.34984678243105,0.027567673725158,0.0259977808649321,-0.0211041866293189,0.0720731358627251,-0.0202190070035619,-0.0344162608248528,0.0551741410126779,0.00139244428461216,0.0452614812780553,-0.010109538465834,0.00721473158280737,-0.00458477058882156,0.28947785308063,-0.0160932853409826,-0.0652184190402884,0.0433267896926645
0.0374025785032508,0.0191109393179518,-0.424740951971977,-0.00773757120968366,-0.0308941602900532,-0.13428223289336,-0.0436279163591298,-0.060681932101498,0.207371175818359,-0.12348569244077,0.186121936270501,-0.229749585624832,-0.0388174077690797,0.544736251344785,-0.406905537695925,-0.135461250752507,-3.05417760918199,3.89835090565018,-2.28987769971376,0.108108108108109,-10.0457015988351,-17.2438672438672,8.58852015382424,-5.80697485806975,1.84362598342964,-9.18948224451071,10.917537746806,-1.9802441524555,15.1515151515152,2.72151898734177,-7.87784812852651,-12.0989304812834,0.00817681409374438,-0.0299864781436988,-0.0179949018326896,-0.021275828735591,0.0224647338069939,0.0304338278635036,-0.03457080484047,-0.0031468080229925,-0.0249544005508551,-0.0261326152533478,-0.0368506672433717,0.0170382907966289,-0.062945351270202,-0.0576201532943101,0.0291084816765275,-0.0310582056393883
-0.244244676602735,-0.0596494074797889,0.196434301356282,-0.186838231110328,-0.493452852475022,0.137274887097479,0.0930636252168773,0.0644143469138401,-0.329302415332224,0.0269639999966618,-1.50888522006279,0.0139252645970771,-0.115890690684999,-0.861570748683749,-0.637743314918586,-0.328631410323571,3.33515956718258,7.35320686540199,2.43417784401391,-0.0435919790758508,12.0734726621392,-5.63492063492064,-3.77302873986736,3.83838383838384,0.637605725439169,-2.83975659229209,-1.61350844277673,-2.6541095890411,-4.45075757575758,42.2784810126582,-1.31061598951507,13.8763197586727,-0.188646772958411,-0.236126861548509,-0.732836535174339,-0.179200531670345,-0.328309090904608,-0.204847290224422,0.0267507723474003,-0.0180097111581812,-0.0169450184515507,-0.0187871262812765,-1.11717875475332,0.00657127519825473,0.0463681435179328,-1.99752177140648,-0.316545333489408,-0.809037351683837
0.449749304449261,-0.0419556713256624,-0.346394679987187,0.160325358520547,0.690790478800913,0.264613130988669,-0.0934365995949547,0.0308086400634933,0.204244773938788,-0.0252958390357438,1.79180403499042,0.0712817034580517,0.0686438771806515,0.630654602316826,0.260356429735678,0.300317214249381,-1.17639412452879,3.14598798161895,-10.6060606060606,29.7733217088056,-3.14070665899827,-7.85714285714286,-4.09420289855072,12.1875691218757,-5.56254719355651,-1.23264159775316,2.88368636194723,-2.19594594594595,-13.7310606060606,-39.2207792207792,-1.50032615786041,-8.97435897435897,0.159910475155412,0.232230754363268,0.77841675422873,0.13598374306757,0.302999824550689,0.103431508554529,0.021979483574891,-0.0173422248139772,0.0661445180471735,0.0577654379579043,1.10614619611786,0.0113009650393767,0.0354449237671732,1.968131625976,0.335931793299499,0.792181779987577
-0.0882557941475497,0.167180076017473,0.192033114664785,0.044738379520771,-0.252631816367707,-0.285933945445873,0.0707115945306098,-0.0395681759516098,-0.0366415784146472,-0.0693889976780451,-0.211110865628628,-0.119884963101212,0.107081998369814,-0.406444035236761,1.43153907773756,0.115631871465926,-6.39895389547391,-12.7474994896918,12.1212121212121,-5.4054054054054,-10.9268861809697,3.20197044334975,1.48550724637681,0.270343336036767,4.1106415674222,3.75727213962508,3.97964448196614,1.98621440232178,-34.2657342657343,18.1818181818182,20.5479452054795,4.76190476190476,0.0343950330618414,0.0329684322377652,-0.026760764450405,-0.0417128711313018,0.09706341913773,0.0744657349488494,-0.0383856270625353,-0.00377997110905848,-0.0398110809823006,0.0261319146131814,-0.0176155521846558,0.00018061984181017,0.0994428538563897,-0.00238068722044293,-0.201878581031856,0.0329998770522386
0.00337896390960424,0.124863390533196,-0.0382306424205314,0.254984470180908,0.41243788403014,-0.0339764277816075,0.0981605901999139,-0.173143886421705,-0.113235244459974,0.121062686609489,0.0522080253378157,0.242866700269026,0.335484580090108,0.475523153803446,-1.25996335115074,0.00361821580726573,5.15859184384803,3.52112676056338,4.00271370420624,-3.6653091447612,1.7702721370355,4.9094097019287,-2.31884057971014,-16.3126361655773,-2.23636013109697,2.11322520274485,3.66457262516657,-1.95863580331461,0,-3.43472317156527,-14.4144144144144,-4.35540069686411,0.0828507727208287,-0.00157855684432862,-0.0654818390234357,0.0213556119773342,-0.0607633685626792,-0.0221330739315875,0.0282408031490133,0.0405802377384432,0.0417895200601505,0.0360032780502054,0.0216039478047465,-0.0177695663690323,-0.193908979698326,0.0164618147534814,0.212222798597871,-0.0742613369710422
-0.0105160684531036,0.162114319043576,0.236159396327743,-0.335815572223492,0.215243364825755,-0.0633799792676069,-0.0569035426766629,0.0275338538175047,0.35098415440755,-0.0188241641815949,-0.0617245770294055,-0.230603521583829,-0.371451641315263,0.188208757452289,0.120802251565104,-0.0391395551443914,2.0766201217329,-3.30985915492958,-4.00271370420624,-7.9337899543379,12.0435135963335,-5.08474576271187,2.24043715846994,0.713825676255904,-3.25899590605473,2.5485952776597,-5.6063201979821,5.50740844282919,37.3717948717949,-8.36582196231319,7.34836218707186,-2.95552367288379,0.00157900785303844,0.00677722350084053,0.0858176268325576,-0.0621262921624891,-0.0838935910384278,0.00347211809831532,-0.0122828235494018,0.00160062989242749,-0.0786366927826991,-0.00358062527068537,0.00884159310133848,-0.0133968178988204,-0.0342574864506539,-0.0108980149033049,-0.054441868694784,0.0873555692839199
-0.0481223943190034,-0.136055314871863,-0.199893507691394,0.0670025655427828,-0.462812395546196,0.0166442103283222,-0.0262528571424951,-0.210864368840706,-0.478708962448501,0.0256698639808182,0.329664444503949,0.0122871729368867,-0.0659810730085129,-0.187232387348678,0.0677037094120667,0.019592785105603,-2.59945037617696,4.85815602836879,5.68181818181818,-8.50456621004566,-8.26960543929172,-1.39756170086232,-4.19165667066507,-1.41594863070084,5.03689280590285,-0.122802229932557,-12.2752822037441,-2.78632000745504,-18.8157894736842,-3.7037037037037,-6.17799539170507,-0.784313725490195,-0.0252419338784056,-0.0155297791363511,-0.00941207733460403,0.127178715673943,0.0286283670978411,-0.00429728543529512,-0.00791149007774661,-0.00585984870199296,0.0854545089052672,-0.020479252332446,0.0299486453194138,0.0297134662185063,0.173449770726468,0.0118514889794821,0.0346719935744394,0.028520170188203
0.00977071354222581,-0.0262502421745854,0.122292805287753,0.163664588318492,0.0414945444808801,0.23656552111528,0.00944904253436096,0.21440590238346,0.156765103826382,0.0472971166397205,-0.023733257139698,0.147162828924669,0.0431455814307276,0.415774840417875,-0.194661969449145,0.062912599820141,1.98675496688742,7.1491432417042,-9.80769230769231,-5.57201036653091,-0.500547897022418,1.39756170086232,-7.28375316540051,5.21265851195152,-4.73030373918075,-1.08663729809104,-0.997949419002051,0.482047123485156,-11.1842105263158,18.0066245106895,-6.12532175032175,11.3857677902622,-0.0316159674583629,-0.0235968659425866,0.0228687985360564,-0.0692419598638144,0.0540981920602204,-0.0577474738251477,0.035184226697258,-0.0312744002250535,0.00746592121033662,0.00985736001421655,0.0114170764697043,0.00523785441473423,0.0532995955168386,-0.0165544309772732,0.0313915578396021,-0.022263119612722
0.0160794098102031,0.0386392924520145,-0.060981570101557,-0.0685141158994149,-0.0583400935262439,-0.353243648183328,-0.0226717985926985,0.0920684164400143,-0.0310460264637928,-0.059524863113527,-0.145593167797641,-0.166505358771772,0.0719551643634979,-0.389040717104049,0.0524119643686518,-0.0687169352645283,1.01285547331516,-6.29301355578728,1.53846153846154,8.31173639392818,-6.63377797376254,2.13820078226858,5.5016393442623,3.88964269561284,2.77957497635993,1.71761280931586,10.5673274094327,29.5573370512374,0.320512820512821,-11.8337850045167,-6.82110682110682,7.46480692238151,0.0317495456739756,0.0143689721247192,0.0380827057992942,0.0206257590183343,-0.103377192648685,0.10665580943195,-0.00565506850712882,0.0179487967369094,-0.0213790799113014,0.0183070822297171,-0.0125804597641259,-0.0900329393111117,-0.0511311735381449,-0.00560646779136853,0.00486795736999635,-0.00584436940711575
0.0572462933184088,-0.217409794715424,-0.063192388171327,-0.250352118485313,-0.316731097810068,-0.233674268368818,-0.0670237820719546,-0.337077925573036,-0.165428884885896,-0.194516268097018,-0.252319093971598,-0.175871721971232,-0.186776305998541,-0.717501986456615,-0.428410442212257,-0.209900515227987,5.50284629981024,-4.88694758478931,-13.3577533577534,5.47945205479452,3.36041771374323,30.7692307692308,22.1460317460317,-6.84666210982,0.905432595573441,6.11353711790393,-0.956937799043061,-30.8818403624956,-4.71240471240471,-28.2962962962963,-4.73901098901099,-3.29501915708812,-0.046856959027836,0.0260509539708417,-0.0395202517209023,0.0446912979008934,0.0731070058765857,-0.0479976452123063,-0.0282228959271297,0.0221611202255352,0.0183689812787278,-0.0168011426209218,0.00911868106682417,0.0998393911155662,0.0207800664144108,0.0676994999660686,-0.0194408704457519,0.0109956862263991
-0.159381112174678,0.362888692939574,0.0892457110936675,0.27877195906517,0.621569400813703,0.657228896420984,0.316516650960594,0.308992896959493,0.212509376759854,0.308056006171002,0.394877814132149,0.496226626194154,0.33274097287979,0.507770832627516,0.348469665539413,0.372856683376003,-6.88460705780472,-0.719424460431654,3.17460317460317,-1.88127853881278,2.2370908299675,13.1730769230769,12.6984126984127,4.44955672764,0.593178447849727,-12.2755943716642,-0.706090026478378,-4.65307535817859,6.89189189189189,-1.33333333333333,8.35848568471887,0,-0.00338045442383583,-0.00994056732002269,0.0106865245315451,-0.0537261170724803,0.0946996479161177,-0.0126137747937269,-0.086945119667209,-0.0335668812506837,-0.0180820500551664,0.00282101140303614,-0.0416159971780797,-0.014125498741695,-0.00488921013092747,0.0213895559703993,0.0160902662804969,-0.00719684120533953
0.140718312376782,-0.178688747592943,-0.0849231281756317,0.345492964228691,-0.352028273710037,-0.175917700409244,-0.0958218654403362,0.00763839020078994,-0.0748523116738919,0.0233901211625707,-0.232906801889728,-0.256472547326455,-0.127069463367987,-0.309730209673543,0.167036165288351,0.0510242413578501,1.53655951960438,3.73266604108018,19.047619047619,22.6666666666667,6.66423791018998,-12.9166666666667,-4.6070460704607,-3.27937775909187,-1.27345055669327,14.0609636184857,0.881759767365509,5.88235294117647,-7.30769230769231,2.5974025974026,7.78970436053,15.0671550671551,0.027240061181028,-0.00604765065130786,0.0249599871312315,-0.0599007919235501,-0.0144342349475144,0.018040175436944,0.045660758626067,0.0437738882595566,0.00515633334344012,0.0160931577057516,-0.0107361059261977,0.00236606595174416,-0.0247615304091701,0.00448552763569376,-0.0130442798844923,-0.00855383267800264
0.295694363206394,0.146134520938368,0.435067022623256,-0.257049123486383,0.664223603996208,-0.0177032798911201,0.610691013347719,-0.0382431846471993,-0.122029096951184,0.294769531536147,0.049565778117822,0.0523061056128427,-0.164934953443426,0.192424721777599,-0.359859941421819,-0.0465632224442931,1.63224516988674,11.5942028985507,-5.28273809523809,-12,6.44914215686275,-0.686274509803923,6.93679517440336,7.04225352112676,0.629433267969111,48.4701773879916,3.27712746191007,2.67887856897145,0,21.7615717615718,-8.59942956402393,-14.9237858915278,-0.0237466386031757,0.000282501689879311,-0.000450047249828556,0.0493601154660572,-0.254151467631553,0.0161990707253438,-0.0670366832201673,-0.00390371814424739,-0.0252638783658895,-0.066449884980299,0.00189032600893864,-0.012132554385611,-0.0228514618024719,-0.113613759550223,0.0103504950362731,0.0147469878908234
-0.158821426911231,-0.0521188582346088,-0.26042203139078,-0.232461719042354,-0.382984457296207,-0.0717215200089072,-0.291302959824925,-0.274662875697114,-0.512123310388866,-0.295855698349007,-0.0961785213112982,-0.482617051902603,-0.274367466552162,-0.233083856108833,-0.299824861821723,-0.253670996035134,1.09863864342011,0.724637681159422,5.28273809523809,-10.4144144144144,1.62775033677593,8.8235294117647,-0.680443548387096,-3.52112676056338,-1.1201213464792,0.13552566018933,-1.34476031215161,-1.31578947368421,9.80769230769231,0.957481337228174,-6.4350186953726,1.40252454417952,-0.022021804420733,-0.0145037853734787,-0.0322826140168215,0.0188115022462329,-0.102906950461614,-0.0325856578796652,-0.013678677014786,-0.00156595768684653,-0.0487451110972569,-0.00128551226645479,0.0247250553920697,0.00969093501417517,-0.0124977463250346,0.0794371131371059,-0.0736752284358002,-0.118403200887227
-0.108073732224355,0.152779024728082,-0.00973522333768351,0.227726432374363,-0.114666887260503,0.110692921853783,-0.0450073160131002,0.270520750859847,0.331713390002492,0.0451894593097144,0.358659245071934,0.420478078742384,0.476335987204581,0.318154970970916,1.2078498944774,0.602446209047345,-0.757199602780535,-7.41841309561047,7.93650793650794,-12.4254124254124,13.277274173028,0.0445632798573996,-16.8629807692308,1.54929577464789,2.35287180091992,-60.225211758844,-3.06497468968865,-2.05912508544087,-2.5,-16.4556962025316,5.3609167331987,-25.0584385226741,0.0395777450556491,-0.0126558253302657,-0.0106744226569064,0.0559732751680521,0.214776181026303,-0.0250930943897266,0.00494093359510028,-0.0265315245275236,0.0452454374976399,0.0416137098547467,0.0237816187485174,0.00998275313950781,-0.00212986102798018,0.00978813185558225,-0.0833144556778621,0.127808466390676
-0.311413341516422,-0.0165666283827743,-0.0661499715134735,0.222830085881656,-0.23902841572435,0.0476896136017775,-0.538653364811001,-0.086716144623864,0.196752124793912,-0.149349190054632,0.0782636482272316,0.240665708015662,0.11200976745356,0.0292164600997156,0.113045825517997,-0.431090049577127,-1.18237026131763,-8.29983072365637,-13.7240537240537,1.2987012987013,-30.1064311594203,-39.3939393939394,-3.2145090681676,2.67605633802817,0.708844688954718,-9.41704035874439,-1.43540669856459,-0.649350649350649,2.94871794871795,12.6582278481013,17.1304639369683,-1.88797199299825,0.00780702079856299,0.0287980678174848,-0.0198827541059488,-0.0438757054258939,0.0387819987756357,0.0424634137772718,0.0796784089018246,0.0178940879700169,-0.0129681894685542,0.0250562662157441,-0.00138955372585586,-0.0704894804049078,-0.00597152624328956,0.0293328278800358,0.00119736867866005,-0.0823133086378462
0.163978100422412,-0.306265578961408,-0.0993502308759737,-0.117975691497874,0.412743592342142,0.188610573922307,0.209767594433539,0.120855696049775,0.398604497896514,-0.0163390201557636,0.179824274781721,-0.136118213101909,0.907185619462488,0.197118265514895,-0.831584468000361,-0.0296684649218717,-1.55885780885781,-3.93038510368176,-11.4121699196326,2.5974025974026,4.21661695537455,1.94128787878788,-2.20673635307782,-8.420737189092,-3.63291658126665,11.3588678158555,7.06766917293233,2.5429409300377,-2.56410256410256,8.86075949367088,5.84943846978055,1.05708245243129,-0.022894723181317,-0.0113446671772377,-0.00821813383061609,-0.0191249272262706,0.0122402099121595,-0.0285763473999563,-0.0126099319017862,0.0100325370329788,-0.0398441881400097,-0.0281104602556365,-0.0690578446245218,0.0332686142990838,-0.276719238243882,-0.0701661608873111,0.10589504596016,0.0611135451232205
0.0444655526981634,0.152850600678256,0.32861066134439,-0.259006815414264,-0.226480388887163,-0.199532377905885,0.0978646772639697,0.0638012027126527,-0.12096438646735,0.256493779788086,-0.262663249136592,-0.0318692672946526,-0.721924754190938,0.122591716345078,0.176912974074375,0.0012705410502889,-0.0595238095238102,14.7665808958672,72.9506314580941,-2.6973026973027,-2.07322803339719,4.77807971014493,9.78422619047619,3.49115972430327,3.15610469610303,-2.49836173001311,-9.3956043956044,-1.3358147229115,15.3846153846154,-8.28672357962908,-7.72047604516326,12.1212121212121,-0.000836803217222348,-0.0105622466803559,-0.0642203367392677,0.0327188597644196,0.0492417085578858,0.0188318353870552,-0.00456797584167401,-0.00496519650164795,0.0157385801564583,-0.0245923691625607,0.0710929369091706,0.0480374764181624,0.265060631173308,-0.00625352489326114,0.0501999250136036,0.0136897350684431
0.366442012340402,-0.128570987491522,-0.3087123091201,-0.0642376475321393,0.377427801710461,-0.100130230308483,0.00153068045326243,0.119215941283551,-0.173512029059225,-0.185784460644644,-0.186356754489678,-0.0747843887904232,-0.254998539366278,-0.290322866082507,0.37648743490664,-0.0384919490455919,4.54011741682974,-4.95384285100902,-72.6340326340326,-1.28205128205128,12.4322354998543,1.79434092477571,-5.81597222222222,5.44796557120501,-6.92772887851027,-1.23718770019218,-1.49981597350018,2.68897768897769,-25.6410256410256,-2.09302325581395,10.0963031997515,-0.75757575757576,-0.0113135583638528,-0.0230403768922136,0.111230498920217,-0.0406814315702389,-0.0456340737649363,-0.0834413313815126,-0.0375093257146367,-0.0229888965161102,0.0406546272388394,0.00565205313145389,-0.00491203462364029,-0.0147078784661714,0.0131882343220631,-0.0211471473874981,-0.121754636870958,-0.0231588301155562
-0.439911415024332,0.167972396415116,0.0532843774283727,0.0541518127499119,-0.528589960916308,-0.0727931896688565,-0.21155947951702,-0.052349433103573,0.178819077376074,-0.184562438679565,-0.0723542743845496,0.177054132360173,-0.0693462877554447,0.334573559295725,-0.500132879257372,0.0566749767420829,-9.67574128663083,2.76406182911121,-9.44741532976827,1.18468029860435,-7.42668200115008,0.793650793650791,-13.2616487455197,-6.0515873015873,2.18697428502764,-2.50796420672443,13.0382775119617,2.8425217166939,-2.56410256410256,15,-17.3453453453453,4.54545454545454,0.0381652209898786,0.0150818513481982,0.0019228525350603,-0.00800020755376937,0.0402288934254178,0.123350138412075,0.0327601011816828,0.0158220997557462,-0.0125246831573453,-0.0287623489693154,-0.0123471484680498,-0.0309598263214264,0.00207759758905857,0.0211513329913762,0.105867612295373,-0.00801963793125671
0.0972344357815782,-0.102077849850188,0.328695994127767,0.190041393041833,0.292494383508785,0.0389202251002674,-0.0872541759775407,-0.15941381380274,-0.0674832721344938,0.008086858320695,-0.041110819938865,-0.234444303805093,-0.0385204628886111,0.255710121343077,-0.0266204437050241,0.73206685041075,8.76854723782379,1.99936528086322,-0.827205882352942,6.69077757685353,4.18091560948704,1.2987012987013,-2.79737903225806,-2.88753799392097,3.37676022607529,-5.56378467219934,-7.38095238095238,1.05358217940999,15.3846153846154,3.09523809523809,-5.38446411012783,4.82017982017982,0.0233708381427884,0.0152387913695273,-0.00476746015916119,-0.0214271515301037,-0.00758067946287122,-0.0552017582805425,0.0113244821595926,0.00759812961403228,-0.00370578011575617,-0.00319634576432559,0.00111373070978962,0.0299247951448991,-0.0319373785901795,0.0283312804169891,0.0285827095820345,-0.0289020448683448
-0.0972344357815782,0.102077849850188,-0.328695994127767,-0.190041393041833,-0.292494383508785,-0.0389202251002674,0.0872541759775407,0.161680475067731,0.0674832721344938,-0.008086858320695,0.041110819938865,0.234444303805093,0.0385204628886111,-0.255710121343077,0.0266204437050241,-0.73206685041075,-8.76854723782379,-1.99936528086322,0.827205882352942,-6.69077757685353,-4.18091560948704,-1.2987012987013,2.79737903225806,2.83687943262411,-3.37676022607529,5.56378467219934,7.38095238095238,-1.05358217940999,-15.3846153846154,-3.09523809523809,5.38446411012783,-4.82017982017982,-0.0233708381427884,-0.0152387913695273,0.00476746015916119,0.0214271515301037,0.00758067946287122,0.0552017582805425,-0.0113244821595926,-0.004736031783941,0.00370578011575617,0.00319634576432559,-0.00111373070978962,-0.0299247951448991,0.0319373785901795,-0.0283312804169891,-0.0285827095820345,0.0289020448683448
0.0972344357815782,-0.102077849850188,0.328695994127767,0.190041393041833,0.292494383508785,0.0389202251002674,-0.0872541759775407,-0.158359236515183,-0.0674832721344938,0.008086858320695,-0.041110819938865,-0.234444303805093,-0.0385204628886111,0.255710121343077,-0.0266204437050241,0.73206685041075,8.76854723782379,1.99936528086322,-0.827205882352942,6.69077757685353,4.18091560948704,1.2987012987013,-2.79737903225806,-2.86684646888423,3.37676022607529,-5.56378467219934,-7.38095238095238,1.05358217940999,15.3846153846154,3.09523809523809,-5.38446411012783,4.82017982017982,0.0233708381427884,0.0152387913695273,-0.00476746015916119,-0.0214271515301037,-0.00758067946287122,-0.0552017582805425,0.0113244821595926,0.00757649617055689,-0.00370578011575617,-0.00319634576432559,0.00111373070978962,0.0299247951448991,-0.0319373785901795,0.0283312804169891,0.0285827095820345,-0.0289020448683448
0.0110767154916793,0.129651604345229,-0.519823342735624,-0.109610144080266,0.229193847026542,-0.0282678278611446,0.0813296842511795,0.529604574516607,-0.0580932050801621,-0.0707530329589368,-0.0601531601628196,0.127704083164856,-0.415320232962899,-0.0632117831723242,-0.00307395288601064,-0.576514244517332,17.099677364578,14.9202377228652,33.6778846153846,31.8681318681319,24.3558029272315,11.096256684492,14.5107581967213,16.7937561675787,17.3716527375064,19.2927028128822,29.9771062271062,4.12679425837321,2.56410256410257,5.43417366946779,8.40899513465885,25.8880654229491,0.0519072547329109,-0.0497066641997229,-0.0232780870342576,-0.0789667116493639,-0.0466224982809345,0.050558187378457,0.0270595300558696,-0.020890138373842,-0.0142571500425602,0.0488535499406875,-0.0373123952802601,-0.00557893041872948,0.0259705625452616,0.0597885776757079,0.000381416411905366,0.0266518877031941
0.128816115793002,-0.0715871069166116,0.0155711413317405,-0.019980699975374,-0.475130612698186,0.224067505366266,-0.0891305428960045,-0.269722040644526,0.18145240817055,0.0141402805151483,-0.138219352718634,-0.015981852773578,0.194956210280518,-0.260814507388837,0.0984833985689484,0.287535670976171,-1.57790927021696,10.0417568043467,0.83916083916084,4.4955044955045,-9.71667898497167,14.6613190730838,-8.11927197624887,-6.05312188569695,2.10051210832393,2.31462086300796,-11.3216440422323,1.57017543859649,16.9871794871795,5.8681785967399,30.2993460440269,-5.60723514211886,-0.04012666641855,0.0516157302231961,-0.00732878310303031,0.0332325691421659,0.076109601488338,-0.0388102245351489,-0.00592028935328115,0.047251877251513,-0.0542760310447713,-0.00219955132969041,0.0210623900100801,-0.0127910396958457,-0.0395127689634497,-0.0718169817232696,-0.0360052678850606,-0.0498135555023775
0.0498468334901361,-0.0799117681517707,0.0105678834102783,-0.118274272735968,0.0484211144992486,-0.186216377128464,-0.0303299869320854,0.157372194509501,-0.140291694875311,0.0279091957993121,-0.0186180534342384,0.0376062844255927,-0.264998150012011,0.184833446181065,-0.203232785926996,-0.345531668411544,-12.360671528829,-21.3192213192213,-18.5888738127544,-12.6746671050469,-18.5661492978566,-24.6042514699231,3.31833520809899,-3.40136054421769,-13.7374066462834,-2.91715786089379,-22.2648479681728,-11.4385964912281,-21.7105263157895,-16.8394508265621,-27.2690430137239,-8.88888888888889,0.0285899505457645,0.0111351087217679,-0.0222352149277578,-0.0259687976274004,0.0611614573778398,-0.0480949843317581,-0.0218420401860824,0.00511224679370903,0.0475840768561473,-0.0239943918437442,-0.00510563219565904,-0.019786975889587,0.046555556987776,-0.0478815204387643,0.0193596580389443,0.0227939336904902
-0.107407445037696,0.242889343043025,-0.0834925908277739,0.195460931196457,0.283004407226567,-0.140247707885571,-0.0303288349380377,-0.115289673578493,-0.170437508700575,0.19854104346676,0.0540288397221023,-0.101716121747202,0.0653046772236365,-0.487878934018788,0.202623369571411,-0.0788099193531737,-3.43165059557573,-0.478029049457621,6.95785776997366,-1.26582278481013,2.15151515151515,-10.1819668779391,5.34308211473566,-5.27091955663384,-5.08784413799872,-7.57928118393235,0.894184318097361,2.10526315789474,-8.09716599190283,-26.6057585825028,-16.4219838132882,1.7948717948718,0.0032203005240512,-0.0067775777768353,0.00741897865405683,0.0406627464297269,-0.0269118976666538,0.120220401717404,0.0147785451377834,0.0018489870678402,0.0140930043477879,-0.0119390449776481,-0.00823936827448832,0.0180212215435163,-0.00565838151714515,0.100335136480227,-0.0486502818452652,0.00117688656089893
0.153370011614047,-0.135572168426966,0.125340766418685,-0.336580246173368,0.331449885589052,-0.0753900823160718,0.3899712006677,-0.166479093539285,-0.0285007039206491,-0.0211956844923034,-0.135312771686497,0.11872510932438,-0.0564035155437956,-0.179750653579018,-0.302777211351609,-0.171188541598419,-1.81475029036005,-13.167784596356,1.47058823529412,-18.1903422409751,1.36633663366337,4.87279843444227,4.76680799515445,1.29250060284543,-5.40811031210616,-4.04862579281184,-4.7096713965646,-3.37748344370861,0,2.38095238095238,-1.63285024154589,-14.5979020979021,0.00496748633897726,-0.0126100242400221,-0.0400321529077703,0.0512399895815928,-0.083810358008777,0.00551562990996529,-0.0227068064173921,0.0040881741483938,-0.00264518855273765,0.021985501251964,0.0229518141261267,-0.0022911489605717,0.00919949311810841,-0.039327614550737,0.00396544626679418,0.0185474437449318
-0.205820299962788,0.0566890789283807,-0.0976237897325074,0.161009330732967,-0.724580764052686,0.0291027323325848,-0.318706120408907,-0.126300165970783,0.246553633660509,-0.197239298090457,-0.0012883472808678,-0.126719372252188,0.0653341804498089,0.523865807499702,0.151661070751089,0.0658075705925114,-3.81652661064426,23.0769230769231,-17.1122994652406,8.64197530864197,-9.07340734073407,-0.660980810234545,-4.05754550792719,-4.01477832512315,2.23108747044917,-0.465116279069768,1.82505601194922,0.520340586565752,-0.192307692307693,15.1960784313726,8.41583214115403,-4.08341658341658,-0.023908942659427,-0.00942807623975861,-0.0109913409845349,-0.0229769126404672,0.0501164195597823,-0.00962076276219792,0.0285668819139877,0.00511682431419558,-0.0289217551498961,0.0167080084641298,-0.00298180020929916,0.0224920610175232,0.00203651536450145,0.00432220743484912,0.0428362109345446,0.00265988621362434
0.133223676253023,-0.131896543351788,0.0770523702190342,0.138871019209567,0.343214331550385,0.0305268524519038,-0.0642647035139579,0.150972186673727,-0.0900600661950381,0.0242782333653597,-0.135103012060767,0.119749382637629,-0.153725503727087,-0.456097330685004,0.0747341487196902,-0.00119194548019141,1.70092133238838,-6.05273105273105,-0.271370420624155,-2.77024992472147,17.3571947765496,8.85011561908766,-5.94245449207281,0.595238095238095,8.19444444444444,-2.94874689546173,-3.84615384615385,0.75187969924812,-7.5,-16.632860040568,-0.261242769173354,-1.0989010989011,0.0153973398285112,0.0362815008240247,0.0171141264060564,0.00382497349232716,0.00181077796742457,-0.0123415610723957,0.0133026842382349,-0.0172982908138621,0.0202832154606981,-0.0129048441251381,-0.000125299853670616,-0.0173508404967617,-0.0445699551791581,0.00683574137580945,-0.0342201592854112,-0.00620965420885472
0.00792444595740704,-0.0721412832251511,0.11549267435031,-0.18667166906028,-0.161468476966572,-0.0465878513368487,0.109893849285674,0.0451852026936548,0.0794203817369414,0.0167470893393702,-0.130063789548433,-0.091475592041764,-0.0282876406626151,-0.12768194260967,0.237801609295062,0.0292342984726863,5.2557535531347,-5.33033033033033,16.3752665245203,-3.40258958145137,-13.7324183338181,-14.2605633802817,-1.53846153846154,0.627853881278538,-2.74647887323944,14.8867313915858,4.50984990619137,0.657894736842105,0,-1.95828011919966,28.9919199692189,-14.030155890621,0.00131950592051022,-0.0175084566077763,0.0113057071625727,0.0210820045035465,0.0261532186832574,0.00721048334951913,0.00982791679516959,0.00968501915681697,-0.00611136646030752,0.00489958505669952,-0.00283558470613671,0.00653455055224672,0.00597171837996469,-0.0725924365110618,-0.0855551234983934,-0.0132959441399034
-0.0958846163985889,-0.073031024803651,-0.130608988682198,-0.00414459612251061,-0.184143774965063,0.338800244661484,-0.00648447099607274,-0.123981815590066,0.0366526450420057,0.0602556396789726,0.162995874706717,-0.0114455506542104,0.0365979195550166,0.546423667148554,-0.472062899070416,0.000140389464001522,-5.90748327905592,-0.505050505050505,6.55935613682092,-17.2376543209877,-4.88740270535781,4.89130434782609,-12.2480620155039,-0.740466493891151,1.81262673316161,-12.6760563380282,-2.4390243902439,-2.63157894736842,0,13.5802469135802,-33.8162201478967,-0.156780768225764,0.0238473761710112,0.000851722535123001,0.0362093621038829,0.00484043005994023,-0.00619968989137076,-0.124285010327368,-0.0288531600032126,0.00715485472828636,0.0227726137140263,-0.0279272253745892,0.00563932774467582,-0.00256356348688214,0.0411891128126052,0.0201265934238642,0.0536921320479167,-0.00392660420371654
0.230243477899366,0.130716772912369,-0.07934305647108,0.105127460485338,0.38302143500225,-0.546347423582539,-0.0095699102914093,0.0723566314779633,-0.0684214802187988,-0.179233472145683,-0.162683159830432,-0.0275609209130625,-0.043806929230751,-0.659667487518801,0.966120543498118,-0.00154536917656234,1.56699298891797,-4.39691027926322,-3.16391100224536,6.00609756097561,8.24173727196397,-5.4510058403634,-2.19638242894057,-2.7027027027027,1.90159407556169,1.08185343947745,-1.50603836135449,1.87115516062884,0,2.81481481481481,27.3071377072819,8.14929613844763,-0.00692943080921027,0.00230996833038544,-0.048510895176381,-0.0669702866975263,-0.0875931806022696,0.116219942680138,0.0154694190665864,0.00170513696053454,-0.034336716751442,0.00472747697491482,-0.00160160357432782,0.0106184930563733,0.000966696950581158,-0.062441552807283,-0.164462467965617,-0.0163608112834373
0.0369940379925424,0.248262804732219,0.11663509660753,0.0468271521150179,-0.204556075490764,0.242215006364652,-0.036162981394944,0.187801247190882,0.100115560884218,0.095211088599175,0.0398567093564246,0.0810040662754563,-0.0747026378931954,0.807222516344787,-0.587183619831608,-0.0281184893245774,4.06830738322451,3.12418300653595,-16.8478260869565,6.09756097560976,12.977959697733,2.3454157782516,-1.04427736006683,10.8108108108108,5.04851822711775,1.051567239636,-3.83590329335618,0.594888981985756,0,7.78059071729958,-7.98394290811775,-2.17856188184977,-0.0280638332719945,-0.0668284001371521,0.0428316860341408,0.0332035334656371,0.0451392117949601,0.0454421702864783,0.0299282124265852,-0.0342612340619723,0.00717754805814608,0.00261879782843943,-0.00559742200249124,-0.00894141786381764,0.00245198576648686,0.00539557632593934,0.13662423363756,-0.0110338739065948
0.106502548616907,-0.278328138751515,0.119628516670636,-0.088907302442137,0.135928014779598,-0.0902392937902565,0.0259794607344652,-0.28631267042427,-0.126408029809102,-0.0359134985472167,-0.273381353431273,-0.106351836477712,-0.0655815159565778,-0.636356686697142,0.290866565043483,0.289660916775635,-1.70454545454546,2.47222222222222,-0.285388127853881,12.1951219512195,-5.1474358974359,-1.60965794768612,12.2719385877281,-0.675675675675675,-0.599593495934958,3.35609131640708,-0.44651523975927,-1.19755429053342,0,-4.11392405063291,5.36361002462697,-4.14932680538556,-0.0112157265612824,0.0456790443957488,-0.0261905335742506,0.00880813481879922,-0.0157576447700249,-0.0124279795179794,-0.00272282505965027,0.00627286305341568,0.00863347751614596,-0.0268682240919882,0.00344629691650185,0.00875167070767446,0.0139698386422819,0.0668964563673873,-0.0695016124977321,0.00686682362251723
0.256780839728805,-0.130132048936712,-0.131851314216059,0.258744625604202,0.368915370100957,0.0926935236580642,0.0631384354411857,0.00776473337578754,-0.0509861795053865,0.0698160286043699,0.0242313320027661,-0.0030007644774166,0.0707361665452417,0.391267952213548,-0.848148662708805,-0.462123301267694,-0.568181818181817,-3.81468797564688,8.43756204089736,-4.8780487804878,-0.072713356295445,8.75251509054326,8.0343014649584,-11.4864864864865,-3.33333333333334,5.62891194375375,-4.45544554455446,-0.610595115239079,0,10.7142857142857,-25.4824021199567,-6.31578947368421,0.011696338190744,0.013566707861614,-0.087126354264825,-0.0344548414809294,-0.214034302731665,-0.0199923558732527,-0.0622878340970797,0.0251858407439637,-0.0541137434133271,0.0396770446128731,0.004936427839128,-0.00462082208414172,0.0475523987109189,-0.00786270748488405,0.123064887531804,0.0773498943654038
-0.412550510205085,0.526997027749921,0.209719140880702,-0.374362133973995,-0.580595408194185,0.0456773321063038,-0.0594427420617407,0.141532175040288,0.24622467497818,-0.0816544014594527,0.134163945192451,0.170945813720358,0.117634495633144,-0.111594214332777,0.270974884997392,0.145203487738376,-2.24550898203593,3.91389432485323,37.2116758522147,-13.4146341463415,-1.1727078891258,-2.25048923679061,-10.3347596274855,8.60927152317881,-1.46076523994812,-3.40360791132363,3.3175355450237,2.63157894736842,0,-3.184165232358,-1.48750772666547,1.08695652173913,0.00420869588774186,-0.056990003369543,0.0162555497317001,0.0674826082700864,0.252992855488757,0.0347847651832466,0.0496388727968999,-0.0254544217123488,0.0179377714644871,-0.00495710168598495,0.00424357279912425,-0.012935407349943,0,0.0047299671893376,-0.050040774642002,-0.0382629667390428
0.0995200591500804,-0.368649020385002,-0.254537903585023,0.196022692180773,0.419921949090423,-0.0745011472478225,-0.0481802300859968,-0.00498106206445481,-0.247236108863763,-0.00962534573251084,-0.138277741032515,-0.0443042895745318,-0.263354659805001,-0.329271127667684,0.59730217038851,0.156840474149437,9.5808383233533,-4.7952047952048,-34.6903337835231,23.5772357723577,-7.36553614251456,-1.53102336825141,-0.969245107176141,12.4791638509709,-8.17120622568094,-9.36756813637799,2.0746213177214,3.12713602187286,0,-18.7801204819277,20.6405035172158,11.8162692847125,-0.00521068643552813,0.0434895003469358,0.0191751056760563,-0.0430215452584861,-0.106521739964915,0.00423898663143746,-0.00213705105399242,-0.0145524371772165,0.0639035719157717,0.0294562374573798,-0.0142034111770257,0.00226825110446538,-0.0130031259144969,-0.00509948747060629,-0.0775788887408594,-0.0396444051322046
0.0738991430047236,0.163011672124533,0.121775041448108,0.176208710576617,-0.035350596297274,-0.00404481299299064,0.0727751703845883,-0.0665794464682783,0.0076065856400227,0.00376010554657924,-0.0342626128778694,-0.109153692737033,-0.0470056788661344,0.189042790558668,-0.185509678012355,-0.0139914604051929,-2.45728056082956,0.384850049279578,-0.840182648401825,7.17299578059072,1.94915157921056,5.01960784313725,-3.23954091077379,-4.19654348225777,4.41610801181379,12.7927101361636,0.548437196660842,-3.95056556346879,5.55555555555556,12.8322784810127,7.62255762255762,5.70142535633909,-0.003169847170581,0.00595436711970243,0.0774577064505355,-0.0143911384710787,-0.00184773242160774,0.0164900404455409,0.0137122298390614,0.0106229175883983,-0.00633581411609085,-0.00719092737988192,0.00142445978900825,0.017271524345482,-0.0248037871511229,-0.0628510084324996,0.0111527947216741,-0.046997456367762
-0.228127159105412,-0.271718846775541,0.0090739475793864,-0.468649079204814,-0.000414478468986346,0.0633289250500502,-0.153675628308379,0.14553869685543,0.0354981425088354,0.0500971348366388,0.109085797374918,0.0621601942778405,0.109264395691834,0.0150291714126478,-0.458414965765728,-0.247779638570523,-0.466284074605454,2.92225950782998,3.61904761904762,-13.0063291139241,-2.18576938031336,6.66666666666666,0.837138508371385,-3.09878844361603,-4.31845027167494,-5.99078341013825,-1.13290175171363,-0.492359932088285,0.158730158730159,-5.0632911392405,-14.7076087754054,1.6200679383329,-0.00244899239571983,-0.0334427662262053,-0.0264884741547758,0.0300719490523565,0.0949205963065483,-0.0721407420604835,-0.0109199675917435,-0.0265324979075203,0.00218984443697601,-0.0333895785599884,0.0127455261535193,-0.030990288547015,-0.0437094583306729,0.0314503199797075,0.0881011961359646,0.018027994188247
0.392575558537946,0.237586627344283,0.0158674406170221,0.286208797774249,0.180283960355689,-0.0752661873956271,0.247523080997293,-0.103807471651965,0.119561842505744,0.12088998782186,-0.12001773153859,-0.0588020651140049,0.00847509862897056,-0.193052795347652,-0.164460895657237,0.17580525770673,-1.00939784197703,2.36872146118722,-7.8968253968254,-7.24683544303797,-11.4862522968231,-9.33333333333333,13.7164750957854,-1.04142559592687,-2.78339460784314,0.240060015003753,2.65499425947187,-2.89473684210526,-0.158730158730159,-17.7689873417722,-18.1757359500446,-10.6502510160172,-0.0115929474264271,0.0205742865004169,-0.0438152228199686,-0.0085367977855752,-0.259848539734457,0.0396022857248217,-0.0498632022816875,0.0169844420501983,-0.0695439746349349,0.0204120194772834,-0.00926595497130163,-0.077257611316336,0.0466212199329452,0.0333234466873457,0.0113173820556006,0.0192222900411835
-0.465522021576488,-0.138407863828915,-0.113069522772095,-0.205862678602856,-0.428500373831572,0.105523430071726,-0.00360237783421269,0.0150556015199061,-0.189064960563654,-0.210791741187554,0.0530490909888321,0.0542803158648439,-0.103555361074799,0.342321558579527,0.211487137081662,-0.0208483554883205,-4.50299579472293,15.7534246575342,2.94444444444444,12.6582278481013,5.47233481186907,-1.57894736842105,-13.7164750957854,-4.64356974424089,0.234375,-3.87670030715226,2.34123500146327,1.29370629370629,-2.77777777777778,-0.135542168674699,7.96691094825672,-2.90780141843972,0.0238143372222532,-0.0343837565904666,0.0197255078404941,-0.0755011933124761,0.246180959555585,0.0586218277180891,-0.0008174504700591,0.0153567110774938,0.0695022273182487,-0.00243257557888299,-0.0095212117923326,0.0174619406648227,0.0102010645263096,0.0279959417602642,-0.0221022132726802,0.0257831791664855
0.189489420299806,-0.0863678467444844,-0.0158876420314282,0.0362207882401435,-0.0395636827423989,-0.0713853004437413,-0.19738838739438,-0.0216253170605842,-0.0764390251378178,0.0980707998937103,0.0555277096326936,0.0877799955358753,0.169066183571804,-0.150403476498143,0.0123386956446883,-0.0807654298536784,6.77547555658448,-12.5665905631659,-8,-5.41139240506329,-1.5625,-13.1578947368421,2.46031746031746,-2.02702702702703,1.24497991967871,-5.96610761705102,-0.625177607274795,0.372960372960374,-2.77777777777778,-3.6144578313253,1.19764892303724,3.33333333333333,-0.0174015779373609,0.0450165136708145,-0.033158504160657,0.0932400802259082,-0.0528141738797963,-0.0244538786841104,0.0509272478276334,0.0112068394678885,-0.00163098607343171,0.0154724329510973,0.0188497766084023,0.049497808619107,0.00588910080704819,-0.0189976484122355,-0.00209518568506295,0.0240721964208876
